{"sections":{"collection-image":{"type":"collection-image","disabled":true,"settings":{}},"breadcrumbs":{"type":"breadcrumbs","disabled":true,"settings":{}},"main":{"type":"collection-template","settings":{"collection_tags_enable":false,"collection_tags_count":false,"collection_multiple_tags_filtering_enable":false,"collection_sort_enable":false,"tag_selector":"button","collection_layout":"grid","rows":"2","desktop_grid":"2","mobile_grid":"1"}},"fa71838f-5277-4693-855b-cbbe1d199d37":{"type":"dbtfy-faq-section","blocks":{"template--17827629531428__fa71838f-5277-4693-855b-cbbe1d199d37-1675890526e5d3426e-0":{"type":"category_block","settings":{"title":"","dbtfy_faq_category":"Frequently Asked Questions","dbtfy_faq_icons":"support"}},"template--17827629531428__fa71838f-5277-4693-855b-cbbe1d199d37-1675890526e5d3426e-1":{"type":"text_block","settings":{"title":"","dbtfy_faq_page_open_1":false,"dbtfy_faq_page_icon_1":"","question_1":"Warranty","text_1":"<p>All <strong>EZZY Relief<\/strong> products come with unbeatable support! We offer a <strong>1-year warranty<\/strong>, a <strong>30-day money-back guarantee<\/strong>, and <strong>free shipping<\/strong> on every order. For even more peace of mind, you can upgrade to a <strong>lifetime warranty<\/strong> for just $5. Your satisfaction is our top priority!<\/p>","dbtfy_faq_page_open_2":false,"dbtfy_faq_page_icon_2":"","question_2":"Shipping Times","text_2":"<p><strong>EZZY Relief<\/strong> orders are fulfilled and then shipped to anywhere in the united states in an average 5-10 days. <\/p>","dbtfy_faq_page_open_3":false,"dbtfy_faq_page_icon_3":"","question_3":"Is The EZZY Relief Safe?","text_3":"<p><strong>EZZY Relief<\/strong> features an innovative design to ensure both comfort and safety. It comes with a <strong>timed pressure release<\/strong> to prevent overuse, paired with a <strong>single-press instant release<\/strong> for immediate relief if the pressure becomes uncomfortable. <\/p><p><strong>Important Note<\/strong>: If you have any underlying health conditions or use medical devices, we recommend consulting with your physician before using <strong>EZZY Relief<\/strong> or any pressure-based therapies.<\/p>","dbtfy_faq_page_open_4":false,"dbtfy_faq_page_icon_4":"","question_4":"Will It Hurt or Damage Ear?","text_4":"<p>No, <strong>EZZY Relief<\/strong> is designed with your comfort and safety in mind. Made from soft, high-quality, hypoallergenic silicone, it is gentle on the skin and does not apply excessive pressure that could cause pain or damage.<\/p>","dbtfy_faq_page_open_5":false,"dbtfy_faq_page_icon_5":"","question_5":"How Do I Use Ezzy?","text_5":"<p><strong>Directions:<\/strong><\/p><p><em><strong>Method 1<\/strong><\/em> (Most Common)<\/p><p><strong>Step 1:<\/strong> Deflate Ezzy by squeezing the rubber bulb between fingers.<\/p><p><strong>Step 2:<\/strong> While deflated, gently insert Ezzy into the outer ear to create an air-tight seal between the Ezzy earbud and the ear. This seal should occur just past the entrance to the ear canal—similar to the positioning of an audio earbud. Do not insert the Ezzy earbud any further than the entrance to the ear canal. If Ezzy causes any discomfort or pain, discontinue use immediately. Maintain the bulb in a deflated state.<\/p><p><strong>Step 3:<\/strong> Maintain Ezzy in a deflated state for 20-30 seconds. User will experience a mild sensation of increased pressure.<\/p><p><strong>Step 4:<\/strong> Pinch the Ezzy bulb and gently remove from the ear.<\/p><p><strong>Step 5:<\/strong> Perform steps 1-4 for second ear.<\/p><p><strong>Step 6:<\/strong> Repeat 3-5 times, or until pressure or tension in head has eased.<\/p><p><\/p><p><em><strong>Method 2<\/strong><\/em><\/p><p><strong>Step 1:<\/strong> Without squeezing the Ezzy bulb, insert Ezzy into the outer ear to create an air-tight seal between the Ezzy earbud and the ear. The seal should occur just past the entrance to the ear canal—similar to the positioning of an audio earbud. Do not insert the Ezzy  earbud any further than the entrance to the ear canal.  If Ezzy causes any discomfort or pain, discontinue use immediately.<\/p><p><strong>Step 2:<\/strong> Partially deflate Ezzy by gently squeezing the rubber bulb. Do not fully deflate. Squeeze (partially) and release 5-10 times in each ear. User will experience a mild sensation of increased pressure.<\/p><p><strong>Step 3:<\/strong> Gently remove Zōk from the ear.<\/p><p><strong>Step 4:<\/strong> Perform steps 1-3 for second ear.<\/p><p><strong>Step 5:<\/strong> Repeat 3-5 times, or until the pressure and tension in head has eased.<\/p>","dbtfy_faq_page_open_6":false,"dbtfy_faq_page_icon_6":"","question_6":"","text_6":"","dbtfy_faq_page_open_7":false,"dbtfy_faq_page_icon_7":"","question_7":"","text_7":"","dbtfy_faq_page_open_8":false,"dbtfy_faq_page_icon_8":"","question_8":"","text_8":"","dbtfy_faq_page_open_9":false,"dbtfy_faq_page_icon_9":"","question_9":"","text_9":"","dbtfy_faq_page_open_10":false,"dbtfy_faq_page_icon_10":"","question_10":"","text_10":""}}},"block_order":["template--17827629531428__fa71838f-5277-4693-855b-cbbe1d199d37-1675890526e5d3426e-0","template--17827629531428__fa71838f-5277-4693-855b-cbbe1d199d37-1675890526e5d3426e-1"],"settings":{"show_on_desktop":true,"show_on_mobile":true,"title":"FAQ","subtitle":"","section_style":"section-border","dbtfy_faq_searchbox":false,"dbtfy_faq_search_placeholder":"Search questions...","text_alignment":"text-center","text_alignment_mobile":"text-center","dbtfy_faq_bannerbox":true,"dbtfy_faq_banner_icon":"help","dbtfy_faq_banner_text":"Didn't find your answer?","dbtfy_faq_banner_subtitle":"Our customer service will be happy to help you.","dbtfy_faq_btn":"Get in Touch","dbtfy_faq_link":"shopify:\/\/pages\/contact"}}},"order":["collection-image","breadcrumbs","main","fa71838f-5277-4693-855b-cbbe1d199d37"]}