{"sections":{"e1b92556-b711-46f9-be01-36fe623ebff3":{"type":"featured-content","settings":{"show_on_desktop":false,"show_on_mobile":false,"title":"","text":"","section_style":"section-blank","text_size":"large","text_alignment":"text-center","button_style":"btn--primary","button_label":"","button_link":""}},"94443895-390e-43c4-8941-2e74880249fc":{"type":"hero","blocks":{"1084dfe2-20f5-4b1a-80f4-9fc18b784e43":{"type":"slide","settings":{"title":"","overlay":false,"image":"shopify:\/\/shop_images\/banner_final.png","image_mobile":"shopify:\/\/shop_images\/banner_final.png","image_position":"center center","image_position_mobile":"center center","slide_link":"","video":"","heading_text":"","text":"","text_position":"align-center","text_position_mobile":"align-center","text_alignment":"text-center","text_alignment_mobile":"text-center","enable_custom_fonts":false,"slideshow_family":"poppins_n4","button_label":"","button_link":"","button_style":"btn--primary","button_label_2":"","button_link_2":"","button_style_2":""}}},"block_order":["1084dfe2-20f5-4b1a-80f4-9fc18b784e43"],"settings":{"show_on_desktop":true,"show_on_mobile":false,"section_height":"xlarge","section_height_mobile":"xlarge","arrows":true,"dots":true,"autoplay":false,"autoplayspeed":8}},"2df7ee8e-173d-4b4a-a769-02fd88199532":{"type":"featured-image","settings":{"show_on_desktop":false,"show_on_mobile":true,"full_width":true,"image":"shopify:\/\/shop_images\/banner_final.png","section_style":"section-blank","image_link":""}},"3cd95776-96de-4236-8c21-49bafcb79503":{"type":"featured-content","settings":{"show_on_desktop":true,"show_on_mobile":true,"title":"Welcome to EZZY","text":"<p>At <strong>EZZY Relief<\/strong>, our focus is to help alleviate your migraine pain and discomfort while promoting overall well-being. Our innovative silicone device is designed to target pressure points, easing tension, improving blood flow, and offering fast relief when you need it most. Whether you're at home or on the go, <strong>EZZY Relief<\/strong> is your trusted partner in achieving comfort and balance.<\/p><p>We are extremely confident in <strong>EZZY Relief<\/strong> and its ability to improve your quality of life by helping you manage migraines naturally and effectively!<\/p>","section_style":"section-blank","text_size":"large","text_alignment":"text-center","button_style":"btn--primary","button_label":"","button_link":""}},"b97dd8fa-2d4d-4a88-8137-a4d010f8e5f8":{"type":"featured-product","settings":{"show_on_desktop":true,"show_on_mobile":true,"featured_product":"ezzy-relief-pressure-tool","section_style":"section-blank","show_product_vendor":false,"show_product_type":false,"show_product_sku":false,"product_title_large":false,"show_product_tags":false,"show_sharing_icons":false,"show_product_collections":false,"show_full_details":false,"product_title_position_mobile":"below","enable_fading_effect":true,"enable_image_zoom_on_icon_click":false,"image_display_type":"image_zoom","enable_video_looping":false,"media_layout":"thumbnails","image_size":"medium","enable_arrows":true,"thumbnails_position":"bottom_center","quantity_enabled":false,"product_selector":"select","show_product_description":false,"description_full":false,"dbtfy_product_description_position":"separate_section","description_style":"section-border","text_alignment":"text-center","text_alignment_mobile":"small--text-center"}},"2b1363db-35f6-436f-8d83-e4c3a09e83fa":{"type":"featured-image","settings":{"show_on_desktop":true,"show_on_mobile":true,"full_width":false,"image":"shopify:\/\/shop_images\/PRODUCT_SHOW.png","section_style":"section-blank","image_link":""}},"cade9b47-5122-45e6-8075-2812fd1c4994":{"type":"quotes","blocks":{"template--17830089687332__cade9b47-5122-45e6-8075-2812fd1c4994-16760079322d15312a-0":{"type":"quote","settings":{"title":"","quote_image":"shopify:\/\/shop_images\/woman-with-apple_23-2147611466_1.jpg","icon":"format_quote","quote":"<p>I used to spend way more money every month on pain relievers & treatments for my migraines, desperately trying to find something that worked. Thankfully, I discovered <strong>EZZY Relief<\/strong>! This simple, handheld device has been a game changer for me. It's so easy to use and gives me relief almost instantly whenever a migraine hits. For the price, it’s a no-brainer especially with  1 year warranty and 30-day money-back guarantee. I’m so glad I got mine!<\/p>","author":"Vicki M.","text_alignment":"text-center","text_alignment_mobile":"text-center"}},"template--17830089687332__cade9b47-5122-45e6-8075-2812fd1c4994-16760079322d15312a-1":{"type":"quote","settings":{"title":"","quote_image":"shopify:\/\/shop_images\/Screenshot_2024-10-11_153347.png","icon":"format_quote","quote":"<p><strong>EZZY Relief<\/strong> has truly been a lifesaver for me. I spend long hours working at my computer every day, and over time, I've developed a chronic cycle of migraines due to the constant strain. When a migraine strikes, I immediately reach for <strong>EZZY Relief<\/strong>—it’s right there on my desk, ready to help. The instant relief it provides allows me to stay focused on my work without interruption. I honestly can't recommend it enough!<\/p>","author":"David L.","text_alignment":"text-center","text_alignment_mobile":"text-center"}},"template--17830089687332__cade9b47-5122-45e6-8075-2812fd1c4994-16760079322d15312a-2":{"type":"quote","settings":{"title":"","quote_image":"shopify:\/\/shop_images\/Screenshot_2024-10-11_153618.png","icon":"format_quote","quote":"<p>I bought <strong>EZZY Relief<\/strong> to help manage my frequent migraines, and I couldn't be more grateful. After years of working in a stressful environment, migraines have become a regular issue for me. With <strong>EZZY Relief<\/strong>, I can get quick and easy relief whenever I need it. I keep it close by, and within 10 minutes, the pain starts to fade, letting me get back to my day. It's been such a blessing, and for the price, it's absolutely worth it!<\/p>","author":"Angie F.","text_alignment":"text-center","text_alignment_mobile":"text-center"}}},"block_order":["template--17830089687332__cade9b47-5122-45e6-8075-2812fd1c4994-16760079322d15312a-0","template--17830089687332__cade9b47-5122-45e6-8075-2812fd1c4994-16760079322d15312a-1","template--17830089687332__cade9b47-5122-45e6-8075-2812fd1c4994-16760079322d15312a-2"],"settings":{"show_on_desktop":true,"show_on_mobile":true,"title":"Don't Just Take Our Word For It!","subtitle":"Hear from your returning customers!","section_style":"section-blank","quote_width":"60","arrows":true,"dots":true,"autoplay":true,"autoplayspeed":5}},"48c788b3-c6ec-45c3-b639-1e3f53239cf2":{"type":"dbtfy-faq-section","blocks":{"template--17830089687332__48c788b3-c6ec-45c3-b639-1e3f53239cf2-16760079110400fec8-0":{"type":"category_block","settings":{"title":"","dbtfy_faq_category":"Category","dbtfy_faq_icons":"support"}},"template--17830089687332__48c788b3-c6ec-45c3-b639-1e3f53239cf2-16760079110400fec8-1":{"type":"text_block","settings":{"title":"","dbtfy_faq_page_open_1":false,"dbtfy_faq_page_icon_1":"help","question_1":"Warranty","text_1":"<p>All <strong>EZZY Relief<\/strong> products come with unbeatable support! We offer a <strong>1-year warranty<\/strong>, a <strong>30-day money-back guarantee<\/strong>, and <strong>free shipping<\/strong> on every order. For even more peace of mind, you can upgrade to a <strong>lifetime warranty<\/strong> for just $5. Your satisfaction is our top priority!<\/p>","dbtfy_faq_page_open_2":false,"dbtfy_faq_page_icon_2":"help","question_2":"Shipping Times","text_2":"<p><strong>EZZY Relief<\/strong> orders are fulfilled and then shipped to anywhere in the united states in an average 5-10 days. <\/p>","dbtfy_faq_page_open_3":false,"dbtfy_faq_page_icon_3":"help","question_3":"Is The EZZY Relief Safe?","text_3":"<p><strong>EZZY Relief<\/strong> features an innovative design to ensure both comfort and safety. It comes with a <strong>timed pressure release<\/strong> to prevent overuse, paired with a <strong>single-press instant release<\/strong> for immediate relief if the pressure becomes uncomfortable. <\/p><p><strong>Important Note<\/strong>: If you have any underlying health conditions or use medical devices, we recommend consulting with your physician before using <strong>EZZY Relief<\/strong> or any pressure-based therapies.<\/p>","dbtfy_faq_page_open_4":false,"dbtfy_faq_page_icon_4":"help","question_4":"How Do I Use Ezzy?","text_4":"<p><strong>Note : Please refer Our Story for demonstration video<\/strong><\/p><p><strong>Directions:<\/strong><\/p><p><em><strong>Method 1<\/strong><\/em> (Most Common)<\/p><p><strong>Step 1:<\/strong> Deflate Ezzy by squeezing the rubber bulb between fingers.<\/p><p><strong>Step 2:<\/strong> While deflated, gently insert Ezzy into the outer ear to create an air-tight seal between the Ezzy earbud and the ear. This seal should occur just past the entrance to the ear canal—similar to the positioning of an audio earbud. Do not insert the Ezzy earbud any further than the entrance to the ear canal. If Ezzy causes any discomfort or pain, discontinue use immediately. Maintain the bulb in a deflated state.<\/p><p><strong>Step 3:<\/strong> Maintain Ezzy in a deflated state for 20-30 seconds. User will experience a mild sensation of increased pressure.<\/p><p><strong>Step 4:<\/strong> Pinch the Ezzy bulb and gently remove from the ear.<\/p><p><strong>Step 5:<\/strong> Perform steps 1-4 for second ear.<\/p><p><strong>Step 6:<\/strong> Repeat 3-5 times, or until pressure or tension in head has eased.<\/p><p><\/p><p><em><strong>Method 2<\/strong><\/em><\/p><p><strong>Step 1:<\/strong> Without squeezing the Ezzy bulb, insert Ezzy into the outer ear to create an air-tight seal between the Ezzy earbud and the ear. The seal should occur just past the entrance to the ear canal—similar to the positioning of an audio earbud. Do not insert the Ezzy  earbud any further than the entrance to the ear canal.  If Ezzy causes any discomfort or pain, discontinue use immediately.<\/p><p><strong>Step 2:<\/strong> Partially deflate Ezzy by gently squeezing the rubber bulb. Do not fully deflate. Squeeze (partially) and release 5-10 times in each ear. User will experience a mild sensation of increased pressure.<\/p><p><strong>Step 3:<\/strong> Gently remove Zōk from the ear.<\/p><p><strong>Step 4:<\/strong> Perform steps 1-3 for second ear.<\/p><p><strong>Step 5:<\/strong> Repeat 3-5 times, or until the pressure and tension in head has eased.<\/p>","dbtfy_faq_page_open_5":false,"dbtfy_faq_page_icon_5":"help","question_5":"Will It Hurt or Damage Ear?","text_5":"<p>No, <strong>EZZY Relief<\/strong> is designed with your comfort and safety in mind. Made from soft, high-quality, hypoallergenic silicone, it is gentle on the skin and does not apply excessive pressure that could cause pain or damage.<\/p>","dbtfy_faq_page_open_6":false,"dbtfy_faq_page_icon_6":"help","question_6":"","text_6":"","dbtfy_faq_page_open_7":false,"dbtfy_faq_page_icon_7":"help","question_7":"Is It Safe To Use On Multiple People?","text_7":"<p>Yes, <strong>EZZY Relief<\/strong> can be used by multiple people, but it's essential to follow proper hygiene practices to ensure safety and prevent the spread of germs.<\/p>","dbtfy_faq_page_open_8":false,"dbtfy_faq_page_icon_8":"help","question_8":"What Are The Main Benefits of EZZY Relief?","text_8":"<p><strong>EZZY Relief<\/strong> offers instant migraine relief by targeting pressure points. Made from soft, hypoallergenic silicone, it’s comfortable, portable, and reusable. Its ergonomic design allows for customizable pressure, making it a versatile and safe alternative to medications. With a 1-year warranty and a 30-day money-back guarantee, you can buy with confidence.<\/p>","dbtfy_faq_page_open_9":false,"dbtfy_faq_page_icon_9":"","question_9":"","text_9":"","dbtfy_faq_page_open_10":false,"dbtfy_faq_page_icon_10":"","question_10":"","text_10":""}}},"block_order":["template--17830089687332__48c788b3-c6ec-45c3-b639-1e3f53239cf2-16760079110400fec8-0","template--17830089687332__48c788b3-c6ec-45c3-b639-1e3f53239cf2-16760079110400fec8-1"],"settings":{"show_on_desktop":true,"show_on_mobile":true,"title":"FAQ","subtitle":"","section_style":"section-border","dbtfy_faq_searchbox":true,"dbtfy_faq_search_placeholder":"Search questions...","text_alignment":"text-center","text_alignment_mobile":"text-center","dbtfy_faq_bannerbox":true,"dbtfy_faq_banner_icon":"help","dbtfy_faq_banner_text":"Didn't find your answer?","dbtfy_faq_banner_subtitle":"Our customer service will be happy to help you.","dbtfy_faq_btn":"Get in Touch","dbtfy_faq_link":"shopify:\/\/pages\/contact"}}},"order":["e1b92556-b711-46f9-be01-36fe623ebff3","94443895-390e-43c4-8941-2e74880249fc","2df7ee8e-173d-4b4a-a769-02fd88199532","3cd95776-96de-4236-8c21-49bafcb79503","b97dd8fa-2d4d-4a88-8137-a4d010f8e5f8","2b1363db-35f6-436f-8d83-e4c3a09e83fa","cade9b47-5122-45e6-8075-2812fd1c4994","48c788b3-c6ec-45c3-b639-1e3f53239cf2"]}