{"sections":{"main":{"type":"product-template","settings":{"show_product_vendor":false,"show_product_type":false,"show_product_sku":false,"show_product_tags":false,"show_sharing_icons":false,"show_product_collections":false,"product_title_large":false,"product_title_position_mobile":"below","enable_image_zoom_on_icon_click":false,"image_display_type":"image_zoom","enable_fading_effect":false,"enable_video_looping":true,"media_layout":"thumbnails","image_size":"medium","enable_arrows":true,"thumbnails_position":"bottom_center","quantity_enabled":true,"product_selector":"select","show_product_description":true,"enable_split_description":false,"description_full":true,"dbtfy_product_description_position":"separate_section","description_style":"section-border","text_alignment":"text-center","text_alignment_mobile":"small--text-center"}},"upsell-bundles":{"type":"dbtfy-upsell-bundles","blocks":{"bundle_ir339b":{"type":"bundle","settings":{"title":"Frequently Brought Together","dbtfy_upsell_bundles_product_trigger_1":"ezzy-relief-pressure-tool","dbtfy_upsell_bundles_product_offer_1_1":"lifetime-warranty","dbtfy_upsell_bundles_product_offer_2_1":"","dbtfy_upsell_bundles_discount_code_1":"","dbtfy_upsell_bundles_discount_amount_1":"","dbtfy_upsell_bundles_discount_type_1":"%","dbtfy_upsell_bundles_product_trigger_2":"","dbtfy_upsell_bundles_product_offer_1_2":"","dbtfy_upsell_bundles_product_offer_2_2":"","dbtfy_upsell_bundles_discount_code_2":"","dbtfy_upsell_bundles_discount_amount_2":"","dbtfy_upsell_bundles_discount_type_2":"%","dbtfy_upsell_bundles_product_trigger_3":"","dbtfy_upsell_bundles_product_offer_1_3":"","dbtfy_upsell_bundles_product_offer_2_3":"","dbtfy_upsell_bundles_discount_code_3":"","dbtfy_upsell_bundles_discount_amount_3":"","dbtfy_upsell_bundles_discount_type_3":"%","dbtfy_upsell_bundles_product_trigger_4":"","dbtfy_upsell_bundles_product_offer_1_4":"","dbtfy_upsell_bundles_product_offer_2_4":"","dbtfy_upsell_bundles_discount_code_4":"","dbtfy_upsell_bundles_discount_amount_4":"","dbtfy_upsell_bundles_discount_type_4":"%","dbtfy_upsell_bundles_product_trigger_5":"","dbtfy_upsell_bundles_product_offer_1_5":"","dbtfy_upsell_bundles_product_offer_2_5":"","dbtfy_upsell_bundles_discount_code_5":"","dbtfy_upsell_bundles_discount_amount_5":"","dbtfy_upsell_bundles_discount_type_5":"%","dbtfy_upsell_bundles_product_trigger_6":"","dbtfy_upsell_bundles_product_offer_1_6":"","dbtfy_upsell_bundles_product_offer_2_6":"","dbtfy_upsell_bundles_discount_code_6":"","dbtfy_upsell_bundles_discount_amount_6":"","dbtfy_upsell_bundles_discount_type_6":"%","dbtfy_upsell_bundles_product_trigger_7":"","dbtfy_upsell_bundles_product_offer_1_7":"","dbtfy_upsell_bundles_product_offer_2_7":"","dbtfy_upsell_bundles_discount_code_7":"","dbtfy_upsell_bundles_discount_amount_7":"","dbtfy_upsell_bundles_discount_type_7":"%","dbtfy_upsell_bundles_product_trigger_8":"","dbtfy_upsell_bundles_product_offer_1_8":"","dbtfy_upsell_bundles_product_offer_2_8":"","dbtfy_upsell_bundles_discount_code_8":"","dbtfy_upsell_bundles_discount_amount_8":"","dbtfy_upsell_bundles_discount_type_8":"%","dbtfy_upsell_bundles_product_trigger_9":"","dbtfy_upsell_bundles_product_offer_1_9":"","dbtfy_upsell_bundles_product_offer_2_9":"","dbtfy_upsell_bundles_discount_code_9":"","dbtfy_upsell_bundles_discount_amount_9":"","dbtfy_upsell_bundles_discount_type_9":"%","dbtfy_upsell_bundles_product_trigger_10":"","dbtfy_upsell_bundles_product_offer_1_10":"","dbtfy_upsell_bundles_product_offer_2_10":"","dbtfy_upsell_bundles_discount_code_10":"","dbtfy_upsell_bundles_discount_amount_10":"","dbtfy_upsell_bundles_discount_type_10":"%"}}},"block_order":["bundle_ir339b"],"settings":{"dbtfy_upsell_bundles_title":"Frequently bought together","dbtfy_upsell_bundles_subtitle":"","dbtfy_upsell_bundles_total":"Total price:","dbtfy_upsell_bundles_cart":"Add selected items","dbtfy_upsell_bundles_icons":"library_add_check","dbtfy_upsell_bundles_current":"This item:","section_style":"section-border","dbtfy_upsell_bundles_reviews":true,"show_automatic_bundles":true,"dbtfy_upsell_bundles_limit":"2","dbtfy_upsell_bundles_position":"product","dbtfy_upsell_bundles_discount_code":"","dbtfy_upsell_bundles_discount_amount":"","dbtfy_upsell_bundles_discount_type":"%"}},"pricing-table":{"type":"dbtfy-pricing-table","settings":{"show_on_desktop":true,"show_on_mobile":true,"title":"Pricing table","subtitle":"","section_style":"section-blank","dbtfy_button_position":"middle"}},"product-recommendations":{"type":"product-recommendations","settings":{"show_product_recommendations":false,"title":"Recommended for you","subtitle":"","section_style":"section-border","rows":"2","desktop_grid":"4","mobile_grid":"2","slider_related_products":true,"arrows":true,"dots":true,"autoplay":false,"autoplayspeed":5}},"review-widget":{"type":"product-review-widget","settings":{}},"282c171e-0e74-43dc-b395-362461d66fcb":{"type":"featured-image","settings":{"show_on_desktop":true,"show_on_mobile":true,"full_width":true,"image":"shopify:\/\/shop_images\/2.png","section_style":"section-blank","image_link":""}},"827643db-3797-4181-a918-76efb9ac681b":{"type":"featured-image","settings":{"show_on_desktop":true,"show_on_mobile":true,"full_width":true,"image":"shopify:\/\/shop_images\/4.png","section_style":"section-blank","image_link":""}},"01f6129d-8b01-4c98-a2aa-f84e714f468c":{"type":"featured-image","settings":{"show_on_desktop":true,"show_on_mobile":true,"full_width":true,"image":"shopify:\/\/shop_images\/3.png","section_style":"section-blank","image_link":""}},"related-products":{"type":"related-products","settings":{"show_related_products":false,"related_collection":true,"same_vendor":false,"same_type":false,"never_empty":true,"title":"Frequently Bought together","subtitle":"","section_style":"section-border","rows":"1","desktop_grid":"4","mobile_grid":"2","slider_related_products":true,"arrows":true,"dots":true,"autoplay":false,"autoplayspeed":5}},"back-to-collection":{"type":"product-back-to-collection","settings":{}},"quotes":{"type":"quotes","settings":{"show_on_desktop":true,"show_on_mobile":true,"title":"Testimonials","subtitle":"","section_style":"section-blank","quote_width":"60","arrows":true,"dots":true,"autoplay":true,"autoplayspeed":5}},"loox-product-reviews-app-section":{"type":"apps","settings":{}},"faq-section":{"type":"dbtfy-faq-section","blocks":{"d4bc0bda-90d3-4c8d-a659-8fa7f5856cef":{"type":"text_block","settings":{"title":"","dbtfy_faq_page_open_1":false,"dbtfy_faq_page_icon_1":"help","question_1":"Warranty","text_1":"<p>All <strong>EZZY Relief<\/strong> products come with unbeatable support! We offer a <strong>1-year warranty<\/strong>, a <strong>30-day money-back guarantee<\/strong>, and <strong>free shipping<\/strong> on every order. For even more peace of mind, you can upgrade to a <strong>lifetime warranty<\/strong> for just $5. Your satisfaction is our top priority!<\/p>","dbtfy_faq_page_open_2":false,"dbtfy_faq_page_icon_2":"help","question_2":"Shipping Times","text_2":"<p><strong>EZZY Relief<\/strong> orders are fulfilled and then shipped to anywhere in the united states in an average 5-10 days. <\/p>","dbtfy_faq_page_open_3":false,"dbtfy_faq_page_icon_3":"help","question_3":"Is The EZZY Relief Safe?","text_3":"<p><strong>EZZY Relief<\/strong> features an innovative design to ensure both comfort and safety. It comes with a <strong>timed pressure release<\/strong> to prevent overuse, paired with a <strong>single-press instant release<\/strong> for immediate relief if the pressure becomes uncomfortable. <\/p><p><strong>Important Note<\/strong>: If you have any underlying health conditions or use medical devices, we recommend consulting with your physician before using <strong>EZZY Relief<\/strong> or any pressure-based therapies.<\/p>","dbtfy_faq_page_open_4":false,"dbtfy_faq_page_icon_4":"help","question_4":"Will It Hurt or Damage Ear?","text_4":"<p>No, <strong>EZZY Relief<\/strong> is designed with your comfort and safety in mind. Made from soft, high-quality, hypoallergenic silicone, it is gentle on the skin and does not apply excessive pressure that could cause pain or damage.<\/p>","dbtfy_faq_page_open_5":false,"dbtfy_faq_page_icon_5":"help","question_5":"Is It Safe To Use On Multiple People?","text_5":"<p>Yes, <strong>EZZY Relief<\/strong> can be used by multiple people, but it's essential to follow proper hygiene practices to ensure safety and prevent the spread of germs.<\/p>","dbtfy_faq_page_open_6":false,"dbtfy_faq_page_icon_6":"help","question_6":"","text_6":"","dbtfy_faq_page_open_7":false,"dbtfy_faq_page_icon_7":"help","question_7":"What Are The Main Benefits of EZZY Relief?","text_7":"<p><strong>EZZY Relief<\/strong> offers instant migraine relief by targeting pressure points. Made from soft, hypoallergenic silicone, it’s comfortable, portable, and reusable. Its ergonomic design allows for customizable pressure, making it a versatile and safe alternative to medications. With a 1-year warranty and a 30-day money-back guarantee, you can buy with confidence.<\/p>","dbtfy_faq_page_open_8":false,"dbtfy_faq_page_icon_8":"","question_8":"","text_8":"","dbtfy_faq_page_open_9":false,"dbtfy_faq_page_icon_9":"","question_9":"","text_9":"","dbtfy_faq_page_open_10":false,"dbtfy_faq_page_icon_10":"","question_10":"","text_10":""}}},"block_order":["d4bc0bda-90d3-4c8d-a659-8fa7f5856cef"],"settings":{"show_on_desktop":true,"show_on_mobile":true,"title":"FAQ","subtitle":"","section_style":"section-border","dbtfy_faq_searchbox":false,"dbtfy_faq_search_placeholder":"Search questions...","text_alignment":"text-center","text_alignment_mobile":"text-center","dbtfy_faq_bannerbox":true,"dbtfy_faq_banner_icon":"live_help","dbtfy_faq_banner_text":"Didn't find your answer?","dbtfy_faq_banner_subtitle":"Our customer service will be happy to help you.","dbtfy_faq_btn":"Get in Touch","dbtfy_faq_link":"shopify:\/\/pages\/contact"}},"3a054eec-9aa2-4123-8e6a-999e281a96ef":{"type":"quotes","blocks":{"template--17827630121252__3a054eec-9aa2-4123-8e6a-999e281a96ef-1675898801d74e205a-0":{"type":"quote","settings":{"title":"","quote_image":"shopify:\/\/shop_images\/woman-with-apple_23-2147611466_1.jpg","icon":"format_quote","quote":"<p>I used to spend way more money every month on pain relievers & treatments for my migraines, desperately trying to find something that worked. Thankfully, I discovered <strong>EZZY Relief<\/strong>! This simple, handheld device has been a game changer for me. It's so easy to use and gives me relief almost instantly whenever a migraine hits. For the price, it’s a no-brainer especially with  1 year warranty and 30-day money-back guarantee. I’m so glad I got mine!<\/p>","author":"Vicki M.","text_alignment":"text-center","text_alignment_mobile":"text-center"}},"template--17827630121252__3a054eec-9aa2-4123-8e6a-999e281a96ef-1675898801d74e205a-1":{"type":"quote","settings":{"title":"","quote_image":"shopify:\/\/shop_images\/Screenshot_2024-10-11_153347.png","icon":"format_quote","quote":"<p><strong>EZZY Relief<\/strong> has truly been a lifesaver for me. I spend long hours working at my computer every day, and over time, I've developed a chronic cycle of migraines due to the constant strain. When a migraine strikes, I immediately reach for <strong>EZZY Relief<\/strong>—it’s right there on my desk, ready to help. The instant relief it provides allows me to stay focused on my work without interruption. I honestly can't recommend it enough!<\/p>","author":"David L.","text_alignment":"text-center","text_alignment_mobile":"text-center"}},"template--17827630121252__3a054eec-9aa2-4123-8e6a-999e281a96ef-1675898801d74e205a-2":{"type":"quote","settings":{"title":"","quote_image":"shopify:\/\/shop_images\/Screenshot_2024-10-11_153618.png","icon":"format_quote","quote":"<p>I bought <strong>EZZY Relief<\/strong> to help manage my frequent migraines, and I couldn't be more grateful. After years of working in a stressful environment, migraines have become a regular issue for me. With <strong>EZZY Relief<\/strong>, I can get quick and easy relief whenever I need it. I keep it close by, and within 10 minutes, the pain starts to fade, letting me get back to my day. It's been such a blessing, and for the price, it's absolutely worth it!<\/p>","author":"Angie F.","text_alignment":"text-center","text_alignment_mobile":"text-center"}}},"block_order":["template--17827630121252__3a054eec-9aa2-4123-8e6a-999e281a96ef-1675898801d74e205a-0","template--17827630121252__3a054eec-9aa2-4123-8e6a-999e281a96ef-1675898801d74e205a-1","template--17827630121252__3a054eec-9aa2-4123-8e6a-999e281a96ef-1675898801d74e205a-2"],"settings":{"show_on_desktop":true,"show_on_mobile":true,"title":"Don't Just Take Our Word For It!","subtitle":"Hear from your returning customers!","section_style":"section-blank","quote_width":"80","arrows":true,"dots":true,"autoplay":true,"autoplayspeed":5}},"bcf43ad5-8cba-4b04-a099-cf0523f58b90":{"type":"featured-row","settings":{"show_on_desktop":true,"show_on_mobile":true,"image":"shopify:\/\/shop_images\/PRODUCT_SHOW.png","image_link":"","section_style":"section-blank","text_size":"large","image_alignement":"left","text_alignment":"text-center","title":"The Ezzy Relief Guarantee","text":"<p>Every Ezzy Relief purchase comes with a free 1 year warranty, a 30 day money back guarantee, and even the option to purchase a lifetime warranty for only $5! We are extremely confident in the quality of our revolutionary pressure tool. We are also extremely confident in its ability to bring relief and relaxation into your life!<\/p>","button_style":"btn--primary","button_label":"","button_link":""}}},"order":["main","upsell-bundles","pricing-table","product-recommendations","review-widget","282c171e-0e74-43dc-b395-362461d66fcb","827643db-3797-4181-a918-76efb9ac681b","01f6129d-8b01-4c98-a2aa-f84e714f468c","related-products","back-to-collection","quotes","loox-product-reviews-app-section","faq-section","3a054eec-9aa2-4123-8e6a-999e281a96ef","bcf43ad5-8cba-4b04-a099-cf0523f58b90"]}